id,first_name,last_name,email,gender,ip_address
1,Marley,Bunclark,mbunclark0@github.io,Female,199.184.113.87
2,Marthe,O'Boyle,moboyle1@google.es,Female,80.230.74.209
3,Gage,Bulfield,gbulfield2@deviantart.com,Male,127.15.245.112
4,Fonsie,Avramovich,favramovich3@drupal.org,Male,191.253.169.39
5,Christabel,Fyfield,cfyfield4@ucoz.com,Female,66.225.220.240
6,Bradford,Scolli,bscolli5@google.com,Male,170.134.175.50
7,Ignacio,De Morena,idemorena6@rakuten.co.jp,Male,119.186.45.134
8,Amye,Antrag,aantrag7@freewebs.com,Female,248.152.7.113
9,Puff,Gruczka,pgruczka8@virginia.edu,Male,143.255.240.220
10,Dar,Neilly,dneilly9@webnode.com,Male,6.225.114.168
11,Zara,Micheau,zmicheaua@psu.edu,Female,183.164.67.20
12,Alasteir,Prest,aprestb@1und1.de,Male,6.221.6.37
13,Jillana,Watkinson,jwatkinsonc@independent.co.uk,Female,132.119.108.2
14,Spencer,Borg-Bartolo,sborgbartolod@tripod.com,Male,131.113.205.100
15,Dru,Sager,dsagere@feedburner.com,Female,2.53.61.134
16,Kalindi,Rotlauf,krotlauff@accuweather.com,Female,81.253.136.98
17,Cairistiona,Peirone,cpeironeg@msn.com,Female,14.235.123.147
18,Jed,Mawer,jmawerh@vimeo.com,Male,182.63.125.118
19,Belva,Pocklington,bpocklingtoni@imdb.com,Female,95.41.250.203
20,Herschel,MacQuist,hmacquistj@yellowbook.com,Male,4.224.128.15
21,Frederic,Couper,fcouperk@zdnet.com,Male,218.191.65.96
22,Theresita,Wythill,twythilll@examiner.com,Female,7.161.187.141
23,Doy,Aaronson,daaronsonm@ow.ly,Male,229.22.23.63
24,Jonathan,Moxted,jmoxtedn@umich.edu,Genderqueer,12.138.124.181
25,Edwina,Gorrie,egorrieo@mozilla.com,Female,56.100.172.128
26,Bab,Whorall,bwhorallp@ovh.net,Female,1.129.81.185
27,Ardis,Abbis,aabbisq@amazon.co.jp,Female,130.99.186.46
28,Maurise,Pareman,mparemanr@altervista.org,Male,64.4.91.9
29,Reynold,Brownsword,rbrownswords@cnn.com,Male,33.72.253.205
30,Bernete,Luttgert,bluttgertt@live.com,Female,226.88.56.31
31,Dagny,Jerrard,djerrardu@ovh.net,Male,245.66.67.31
32,Burnaby,Franz-Schoninger,bfranzschoningerv@hostgator.com,Male,72.23.38.80
33,Daryle,Bolliver,dbolliverw@dagondesign.com,Male,8.188.20.73
34,Carlyn,Guest,cguestx@google.de,Agender,172.193.205.86
35,Lula,Fullilove,lfullilovey@about.com,Female,29.163.159.5
36,Rab,Jessop,rjessopz@dagondesign.com,Male,161.253.69.41
37,Teirtza,Sefton,tsefton10@nature.com,Female,131.104.212.218
38,Olympia,Loutheane,oloutheane11@cmu.edu,Female,110.208.81.93
39,Syd,Brownsey,sbrownsey12@storify.com,Male,182.162.248.198
40,Rube,Farloe,rfarloe13@ucla.edu,Male,39.99.138.233
41,Birk,Pickburn,bpickburn14@baidu.com,Agender,143.82.175.135
42,Reba,Pickburn,rpickburn15@examiner.com,Female,117.76.172.209
43,Verney,Kingh,vkingh16@github.com,Male,148.75.31.224
44,Gui,Somerset,gsomerset17@cam.ac.uk,Female,120.213.17.114
45,Dudley,Gales,dgales18@about.com,Male,137.9.187.57
46,Edd,Brodie,ebrodie19@taobao.com,Male,65.72.173.183
47,Latashia,Strewther,lstrewther1a@pinterest.com,Female,25.208.213.20
48,Margery,Itzik,mitzik1b@wired.com,Bigender,103.109.252.5
49,Delphine,Tower,dtower1c@imdb.com,Female,222.177.157.124
50,Viv,De Carteret,vdecarteret1d@admin.ch,Female,90.105.229.3
51,Reid,Brentnall,rbrentnall1e@moonfruit.com,Genderfluid,85.245.123.251
52,Delbert,Augustine,daugustine1f@instagram.com,Male,32.177.253.9
53,Salaidh,Rispine,srispine1g@mayoclinic.com,Female,89.140.97.236
54,Adeline,Arents,aarents1h@macromedia.com,Female,116.246.212.206
55,Roselle,Stoute,rstoute1i@disqus.com,Female,105.245.53.211
56,Gareth,Pavlishchev,gpavlishchev1j@devhub.com,Male,158.139.58.252
57,Tom,Atlee,tatlee1k@statcounter.com,Male,109.45.162.193
58,Griff,Tallet,gtallet1l@cnet.com,Male,137.148.205.243
59,Shauna,Barthod,sbarthod1m@jigsy.com,Female,238.106.16.48
60,Melonie,Loy,mloy1n@wiley.com,Female,54.179.189.212
61,Cherlyn,Conville,cconville1o@cpanel.net,Female,115.230.228.112
62,Mikael,Ugoletti,mugoletti1p@businessinsider.com,Male,93.30.140.207
63,Melisande,Kestin,mkestin1q@is.gd,Female,3.254.196.194
64,Claudell,Houlahan,choulahan1r@hexun.com,Male,178.47.228.121
65,Karina,Tregoning,ktregoning1s@newyorker.com,Female,130.169.227.186
66,Caritta,Douberday,cdouberday1t@soup.io,Female,99.71.35.247
67,Milissent,Walton,mwalton1u@pagesperso-orange.fr,Female,209.162.193.60
68,Shay,Guinan,sguinan1v@edublogs.org,Male,72.12.107.182
69,Gram,Petrusch,gpetrusch1w@slate.com,Male,202.39.186.126
70,Euell,Brownill,ebrownill1x@techcrunch.com,Male,136.143.190.70
71,Jeannette,Drakard,jdrakard1y@sun.com,Female,228.240.146.58
72,Priscella,Bodicum,pbodicum1z@de.vu,Female,190.189.128.93
73,Saxe,Roswarn,sroswarn20@tripod.com,Male,67.221.69.132
74,Kirbie,Schwandermann,kschwandermann21@youtube.com,Female,238.219.125.242
75,Seymour,Piris,spiris22@issuu.com,Male,168.123.231.230
76,Timotheus,Honnan,thonnan23@imdb.com,Male,156.12.38.21
77,Mar,Olyonov,molyonov24@cisco.com,Male,240.183.178.169
78,Yalonda,Broster,ybroster25@symantec.com,Female,195.40.181.187
79,Morley,Kroll,mkroll26@phpbb.com,Male,63.196.153.253
80,Alexandra,Siddens,asiddens27@techcrunch.com,Female,29.209.23.205
81,Wilfred,Fullick,wfullick28@jiathis.com,Male,185.216.193.171
82,Waring,Melbourn,wmelbourn29@ask.com,Male,141.239.211.55
83,Nanine,Battershall,nbattershall2a@va.gov,Female,51.18.60.232
84,Margit,Krink,mkrink2b@ucoz.com,Female,90.18.166.140
85,Chrissie,McCrackem,cmccrackem2c@w3.org,Male,75.68.107.238
86,Dev,Pallasch,dpallasch2d@dagondesign.com,Male,220.118.9.115
87,Virgie,Ewers,vewers2e@nhs.uk,Male,122.175.191.76
88,Milli,Simoneschi,msimoneschi2f@marriott.com,Female,24.29.47.176
89,Zacharias,Mariette,zmariette2g@cyberchimps.com,Male,211.54.52.112
90,Clara,Le Gall,clegall2h@cmu.edu,Female,113.206.159.193
91,Rem,le Keux,rlekeux2i@issuu.com,Male,18.213.18.156
92,Hortensia,Bradtke,hbradtke2j@cmu.edu,Female,73.39.243.120
93,Carrie,Andress,candress2k@wired.com,Female,35.100.31.171
94,Obediah,Joselovitch,ojoselovitch2l@tamu.edu,Male,41.202.21.52
95,Jacky,Jerrand,jjerrand2m@booking.com,Male,12.219.25.129
96,Gerardo,Egan,gegan2n@guardian.co.uk,Male,50.47.234.142
97,Aryn,Ouldred,aouldred2o@deliciousdays.com,Female,130.0.41.193
98,Danie,Igonet,digonet2p@nyu.edu,Male,20.187.69.113
99,Tomas,Lohrensen,tlohrensen2q@jimdo.com,Male,94.229.8.206
100,Dorian,Matveyev,dmatveyev2r@elegantthemes.com,Genderqueer,4.118.201.153
101,Stephie,Milmore,smilmore2s@t.co,Female,46.86.186.36
102,Bernarr,Ofener,bofener2t@hugedomains.com,Male,128.235.161.31
103,Anett,Worsall,aworsall2u@un.org,Female,39.217.218.211
104,Lucita,Moulds,lmoulds2v@taobao.com,Non-binary,80.72.26.185
105,Constantina,Emmitt,cemmitt2w@spiegel.de,Female,50.171.230.254
106,Ezri,Laterza,elaterza2x@printfriendly.com,Genderfluid,144.15.175.142
107,Russell,Thumim,rthumim2y@chronoengine.com,Male,109.245.195.124
108,Gaby,Rubberts,grubberts2z@utexas.edu,Male,182.0.78.218
109,Elsi,Danbye,edanbye30@360.cn,Female,49.32.59.87
110,Padraig,Slipper,pslipper31@netvibes.com,Male,208.44.50.199
111,Chantal,Brocket,cbrocket32@opensource.org,Female,191.83.148.98
112,Clarinda,Extal,cextal33@umn.edu,Female,204.92.30.84
113,Doralynne,Richen,drichen34@php.net,Female,148.174.26.187
114,Ceciley,Fronek,cfronek35@yandex.ru,Female,156.6.129.114
115,Agatha,Covotti,acovotti36@usda.gov,Female,108.91.177.156
116,Loreen,Hebble,lhebble37@sciencedirect.com,Polygender,151.39.116.114
117,Timmie,Barlass,tbarlass38@blogspot.com,Female,87.21.31.233
118,Isis,Behagg,ibehagg39@illinois.edu,Female,140.236.101.113
119,Korrie,Calcutt,kcalcutt3a@jimdo.com,Polygender,204.251.209.70
120,Bryce,Barkway,bbarkway3b@twitpic.com,Male,16.77.182.189
121,Gloriane,Bockett,gbockett3c@bluehost.com,Female,149.103.139.61
122,Roobbie,Juster,rjuster3d@deviantart.com,Female,87.1.208.180
123,Avigdor,Gagin,agagin3e@lulu.com,Male,114.25.130.15
124,Curran,Crossland,ccrossland3f@dion.ne.jp,Male,166.96.11.92
125,Rozalie,Van Saltsberg,rvansaltsberg3g@multiply.com,Female,182.130.87.193
126,Bev,Wortley,bwortley3h@china.com.cn,Bigender,127.238.32.159
127,Johnny,Showell,jshowell3i@usgs.gov,Male,238.92.158.123
128,Rowe,Gherardesci,rgherardesci3j@livejournal.com,Female,68.112.239.165
129,Seward,Dugan,sdugan3k@gmpg.org,Male,229.42.97.4
130,Illa,Llorente,illorente3l@phpbb.com,Non-binary,79.83.93.54
131,Haskel,Karim,hkarim3m@youtube.com,Male,82.233.83.82
132,Alberto,Kleisel,akleisel3n@livejournal.com,Male,34.166.117.118
133,Ivie,Perigo,iperigo3o@toplist.cz,Female,176.246.63.71
134,Paige,Killelay,pkillelay3p@weibo.com,Female,76.31.216.19
135,Tate,Sugg,tsugg3q@usgs.gov,Male,0.250.72.164
136,Keri,Nibloe,knibloe3r@comcast.net,Female,122.4.81.67
137,Dean,Toffanelli,dtoffanelli3s@eventbrite.com,Male,66.80.45.194
138,Carley,Iamittii,ciamittii3t@pagesperso-orange.fr,Female,209.29.182.117
139,Lacey,Colbran,lcolbran3u@cdbaby.com,Female,33.34.153.23
140,Aliza,Maycey,amaycey3v@squarespace.com,Female,167.60.225.163
141,Catlee,Clougher,cclougher3w@virginia.edu,Female,12.154.124.199
142,Danie,Norsworthy,dnorsworthy3x@usa.gov,Male,148.40.247.189
143,Jesus,Anand,janand3y@amazonaws.com,Male,39.136.106.245
144,Athena,Gutierrez,agutierrez3z@mozilla.com,Female,34.70.208.162
145,Gisella,Ramberg,gramberg40@lycos.com,Female,7.87.16.111
146,Remy,Somerfield,rsomerfield41@cocolog-nifty.com,Bigender,189.25.158.106
147,Ian,Diffley,idiffley42@privacy.gov.au,Male,98.15.63.208
148,Lizabeth,Kidby,lkidby43@photobucket.com,Female,241.130.19.153
149,Timothea,Iacovucci,tiacovucci44@de.vu,Female,200.148.88.181
150,Franciskus,Tortoishell,ftortoishell45@arizona.edu,Male,94.170.212.104
151,Jorgan,Clementi,jclementi46@fda.gov,Male,212.196.2.254
152,Arline,Edwicke,aedwicke47@youtube.com,Female,66.198.15.215
153,Amelita,Treen,atreen48@goo.ne.jp,Female,47.238.105.36
154,Giles,Ottawell,gottawell49@lycos.com,Male,214.44.151.29
155,Nial,Pessold,npessold4a@arstechnica.com,Male,81.30.138.223
156,Cristen,Lodwig,clodwig4b@samsung.com,Female,49.219.15.62
157,Geoffrey,Booton,gbooton4c@slate.com,Male,253.26.172.193
158,Brinn,Kasbye,bkasbye4d@wiley.com,Female,155.19.62.26
159,Tyne,Wisedale,twisedale4e@tmall.com,Female,146.141.70.59
160,Frants,Denkel,fdenkel4f@marketwatch.com,Male,251.118.207.230
161,Gearalt,Blade,gblade4g@myspace.com,Male,98.11.55.192
162,Trish,Soppit,tsoppit4h@google.com.br,Female,211.151.2.181
163,Brynn,Kynston,bkynston4i@twitpic.com,Bigender,44.104.113.121
164,Jesus,Blindmann,jblindmann4j@mayoclinic.com,Male,4.58.222.173
165,Birdie,Durran,bdurran4k@t.co,Female,253.71.233.3
166,Daryle,Horick,dhorick4l@topsy.com,Male,37.238.173.165
167,Ruth,Hysom,rhysom4m@digg.com,Female,139.72.132.151
168,Roosevelt,Valentin,rvalentin4n@usgs.gov,Male,201.149.79.210
169,Obed,Caizley,ocaizley4o@fema.gov,Male,13.46.178.105
170,Emmett,McGairl,emcgairl4p@noaa.gov,Male,144.59.244.161
171,Bjorn,Burriss,bburriss4q@weebly.com,Male,67.153.4.224
172,Vaughan,Biasioli,vbiasioli4r@mysql.com,Male,79.123.103.210
173,Ancell,Caulier,acaulier4s@fc2.com,Bigender,119.192.152.127
174,Skye,Pitt,spitt4t@house.gov,Male,155.119.22.158
175,Derk,Edmonstone,dedmonstone4u@dropbox.com,Male,235.140.5.193
176,Basile,Perassi,bperassi4v@ameblo.jp,Male,226.36.218.175
177,Brinn,Ostrich,bostrich4w@techcrunch.com,Female,153.125.25.227
178,Olenka,Springett,ospringett4x@comsenz.com,Female,1.114.154.117
179,Lorna,Morstatt,lmorstatt4y@virginia.edu,Female,133.55.167.242
180,Myra,Torrijos,mtorrijos4z@smugmug.com,Female,96.153.157.23
181,Colline,Church,cchurch50@ycombinator.com,Female,7.210.233.10
182,Enrique,Durand,edurand51@phpbb.com,Male,213.138.5.191
183,Keenan,Aleksashin,kaleksashin52@amazon.co.uk,Male,236.50.185.209
184,Oran,Clapston,oclapston53@printfriendly.com,Male,118.187.161.75
185,Garnet,Cobbin,gcobbin54@is.gd,Female,151.85.76.128
186,Kin,Lantaph,klantaph55@cnet.com,Male,23.9.220.216
187,Filbert,Coling,fcoling56@geocities.com,Male,56.90.174.238
188,Brendis,Jarry,bjarry57@mlb.com,Male,249.23.39.85
189,Marlon,Tuffrey,mtuffrey58@twitter.com,Agender,53.140.201.54
190,Tammara,Menelaws,tmenelaws59@godaddy.com,Female,85.233.49.38
191,Sal,Willbraham,swillbraham5a@usnews.com,Female,14.101.191.116
192,Travis,Quene,tquene5b@geocities.com,Male,132.185.82.165
193,Merry,Mafham,mmafham5c@linkedin.com,Male,243.202.236.102
194,Wynn,Pindred,wpindred5d@spiegel.de,Female,22.2.163.2
195,Bond,Harcombe,bharcombe5e@flavors.me,Male,38.60.15.111
196,Frasier,Yukhnin,fyukhnin5f@dailymotion.com,Male,198.33.167.69
197,Roley,Halksworth,rhalksworth5g@ed.gov,Male,31.8.220.18
198,Rolland,Carillo,rcarillo5h@intel.com,Male,24.61.54.72
199,Anne-corinne,Christou,achristou5i@weebly.com,Female,163.153.98.214
200,Godart,Wudeland,gwudeland5j@timesonline.co.uk,Male,128.47.36.68
201,Nathalia,Ackenson,nackenson5k@ocn.ne.jp,Female,193.46.104.86
202,Ursola,Farlow,ufarlow5l@icio.us,Female,187.61.9.129
203,Bastien,Levermore,blevermore5m@yellowbook.com,Male,33.94.37.48
204,Nero,Sisnett,nsisnett5n@skyrock.com,Male,201.6.25.206
205,Leda,Reasce,lreasce5o@goodreads.com,Female,157.116.139.232
206,Abran,Sikora,asikora5p@princeton.edu,Male,11.51.35.230
207,Erda,Macoun,emacoun5q@smugmug.com,Female,10.135.159.255
208,Nicole,Windsor,nwindsor5r@shinystat.com,Female,163.215.215.60
209,Ignace,Satterly,isatterly5s@ucoz.ru,Male,17.209.238.106
210,Averyl,Molnar,amolnar5t@ca.gov,Female,40.253.93.24
211,Vitia,Durrance,vdurrance5u@alexa.com,Female,104.220.203.81
212,Codie,Tissiman,ctissiman5v@slashdot.org,Female,103.1.31.64
213,Kaitlin,Firby,kfirby5w@google.ca,Female,183.117.194.133
214,Rudiger,Kensy,rkensy5x@indiegogo.com,Male,18.203.246.142
215,Marieann,Wisdish,mwisdish5y@blogtalkradio.com,Female,182.14.238.153
216,Norman,Crooke,ncrooke5z@npr.org,Male,176.0.218.174
217,Fredek,Hanselmann,fhanselmann60@fotki.com,Non-binary,174.129.158.172
218,Yancey,Birtchnell,ybirtchnell61@biblegateway.com,Male,158.89.151.219
219,Chev,Elias,celias62@github.io,Male,147.187.108.86
220,Gwenny,Joyce,gjoyce63@tmall.com,Female,193.117.146.58
221,Lothaire,Shilstone,lshilstone64@ibm.com,Male,101.105.109.113
222,Rose,Glide,rglide65@woothemes.com,Female,124.204.80.70
223,Roselle,O'Keefe,rokeefe66@digg.com,Female,73.58.32.186
224,Romola,Hemmingway,rhemmingway67@columbia.edu,Female,250.31.35.31
225,Carie,Palle,cpalle68@bing.com,Female,23.10.178.180
226,Elysee,Geer,egeer69@geocities.com,Female,108.147.177.240
227,Rod,Chew,rchew6a@live.com,Male,173.45.24.211
228,Kerrill,Karlowicz,kkarlowicz6b@moonfruit.com,Female,116.205.147.91
229,Betta,Halfhide,bhalfhide6c@a8.net,Agender,118.50.55.242
230,Nickie,Weippert,nweippert6d@state.tx.us,Female,61.208.172.38
231,Leyla,Ruegg,lruegg6e@mac.com,Female,194.183.143.77
232,Sam,Webberley,swebberley6f@posterous.com,Female,190.224.57.73
233,Mara,Harome,mharome6g@fda.gov,Female,220.137.107.51
234,Genovera,Filipczynski,gfilipczynski6h@howstuffworks.com,Female,178.44.75.195
235,Perkin,Petrovykh,ppetrovykh6i@bandcamp.com,Male,196.178.103.130
236,Franz,Habishaw,fhabishaw6j@reuters.com,Male,87.16.243.163
237,Eziechiele,Charnock,echarnock6k@soundcloud.com,Male,33.220.183.15
238,Read,Lacky,rlacky6l@sakura.ne.jp,Male,107.3.101.144
239,Berna,Abernethy,babernethy6m@is.gd,Bigender,82.83.218.192
240,Rebbecca,Cree,rcree6n@aboutads.info,Female,224.182.139.114
241,Cash,Graver,cgraver6o@imageshack.us,Male,221.82.158.254
242,Johannah,Cathro,jcathro6p@webeden.co.uk,Female,133.172.45.41
243,Diane-marie,Aupol,daupol6q@surveymonkey.com,Female,19.105.175.195
244,Inness,Bonar,ibonar6r@booking.com,Male,158.147.248.176
245,Anitra,Chiverstone,achiverstone6s@examiner.com,Female,171.126.86.218
246,Clari,Calderonello,ccalderonello6t@storify.com,Female,17.132.173.248
247,Vi,Huke,vhuke6u@time.com,Female,10.158.228.232
248,Constantine,Windless,cwindless6v@dailymail.co.uk,Male,174.36.166.31
249,Auroora,Haimes,ahaimes6w@github.com,Female,89.154.52.19
250,Ody,Cayton,ocayton6x@miitbeian.gov.cn,Male,243.10.53.102
251,Justina,Aylward,jaylward6y@springer.com,Female,110.221.247.48
252,Rollins,Grahl,rgrahl6z@pagesperso-orange.fr,Male,117.204.117.188
253,Roberta,Buske,rbuske70@paypal.com,Female,202.61.140.31
254,Pauline,Balcombe,pbalcombe71@wp.com,Female,158.150.112.124
255,Annabal,Albin,aalbin72@artisteer.com,Female,162.159.23.83
256,Correy,Glenister,cglenister73@pinterest.com,Genderqueer,13.97.28.207
257,Ariana,Cresar,acresar74@cbsnews.com,Female,242.95.187.42
258,Sam,Jaskiewicz,sjaskiewicz75@marketwatch.com,Male,137.143.7.147
259,Ranique,Tubbles,rtubbles76@upenn.edu,Female,193.186.225.215
260,Peta,Cantrell,pcantrell77@icq.com,Female,78.196.215.247
261,Jonas,Neno,jneno78@apache.org,Male,22.122.239.168
262,Helga,Mutch,hmutch79@github.io,Female,177.14.12.27
263,Lamar,Godier,lgodier7a@dell.com,Male,23.248.203.26
264,Nicoli,Kirgan,nkirgan7b@umn.edu,Female,161.233.121.69
265,Zoe,Semiras,zsemiras7c@linkedin.com,Female,38.135.44.71
266,Adler,Mewrcik,amewrcik7d@vkontakte.ru,Male,121.59.91.185
267,Tonya,Plaister,tplaister7e@apple.com,Non-binary,226.251.215.149
268,Darell,Iffland,diffland7f@auda.org.au,Female,3.7.11.11
269,Calla,Lighten,clighten7g@delicious.com,Female,86.52.112.169
270,Evelina,Croney,ecroney7h@tiny.cc,Female,230.175.34.13
271,Dewitt,Combes,dcombes7i@yale.edu,Male,110.117.20.182
272,Jdavie,Seer,jseer7j@epa.gov,Male,207.99.184.117
273,Raffarty,Cholomin,rcholomin7k@wikispaces.com,Male,162.230.202.12
274,Theadora,Weerdenburg,tweerdenburg7l@qq.com,Female,74.29.241.113
275,Loren,Rosterne,lrosterne7m@google.it,Male,85.85.106.171
276,Grannie,Sharper,gsharper7n@eepurl.com,Genderqueer,246.105.214.71
277,Robinette,Fedorchenko,rfedorchenko7o@amazon.co.uk,Female,170.40.157.136
278,Tremayne,Shailer,tshailer7p@spotify.com,Male,207.91.44.230
279,Leeanne,Fey,lfey7q@1und1.de,Female,198.198.226.165
280,Rafaelita,Ambrosi,rambrosi7r@dagondesign.com,Bigender,121.29.14.36
281,Karla,Adrienne,kadrienne7s@amazonaws.com,Female,136.69.107.207
282,Katharyn,Pieroni,kpieroni7t@woothemes.com,Female,161.115.187.80
283,Eveline,Bault,ebault7u@wikipedia.org,Female,7.215.87.254
284,Izaak,Cockings,icockings7v@nymag.com,Male,213.111.123.170
285,Nolan,Josilowski,njosilowski7w@google.co.jp,Male,145.220.74.13
286,Tobie,Noads,tnoads7x@netscape.com,Male,234.28.14.158
287,Max,Juste,mjuste7y@addtoany.com,Male,20.238.251.48
288,Fleurette,Bendall,fbendall7z@mail.ru,Female,70.98.5.97
289,Hartley,Alecock,halecock80@mlb.com,Male,8.92.81.244
290,Raviv,Peddersen,rpeddersen81@w3.org,Male,182.13.3.211
291,Wendy,Wendover,wwendover82@fda.gov,Bigender,193.101.185.24
292,Janna,Bousler,jbousler83@sciencedaily.com,Female,67.122.124.170
293,Sherwin,Dugan,sdugan84@tamu.edu,Male,245.49.36.85
294,Pauletta,Sabatier,psabatier85@bigcartel.com,Bigender,149.91.43.130
295,Melany,Hinsche,mhinsche86@thetimes.co.uk,Female,72.108.183.97
296,Kelsey,Havelin,khavelin87@slate.com,Female,189.148.29.71
297,Chery,Mathis,cmathis88@nydailynews.com,Female,107.70.4.37
298,Brocky,Lucian,blucian89@vimeo.com,Male,44.105.153.131
299,Tucker,Smaleman,tsmaleman8a@nhs.uk,Male,185.127.26.125
300,Avrom,Nyssens,anyssens8b@cbc.ca,Male,154.127.106.24
301,Base,O'Farrell,bofarrell8c@vk.com,Male,187.157.198.126
302,Ricca,Boyse,rboyse8d@marketwatch.com,Female,167.230.53.42
303,Reamonn,Kenwyn,rkenwyn8e@cbc.ca,Male,24.172.158.139
304,Jaynell,Dymick,jdymick8f@typepad.com,Female,147.200.231.195
305,Philippine,Rapelli,prapelli8g@ft.com,Female,109.44.34.90
306,Dianna,Rays,drays8h@yelp.com,Bigender,61.163.75.205
307,Annnora,Doelle,adoelle8i@cyberchimps.com,Female,167.34.41.173
308,Ezekiel,Jehaes,ejehaes8j@youtube.com,Male,162.250.156.2
309,Colver,Chopping,cchopping8k@ucsd.edu,Genderqueer,165.13.16.210
310,Alec,Dunley,adunley8l@tuttocitta.it,Male,181.177.87.74
311,Waverley,Wathen,wwathen8m@fastcompany.com,Male,98.210.52.83
312,Olag,Iddison,oiddison8n@hatena.ne.jp,Male,196.94.38.115
313,Tabbi,Maroney,tmaroney8o@ftc.gov,Female,127.144.201.9
314,Barbabas,Schankel,bschankel8p@networksolutions.com,Male,105.75.159.23
315,Aharon,Cleyburn,acleyburn8q@newyorker.com,Male,122.0.35.209
316,Helen-elizabeth,Winskill,hwinskill8r@woothemes.com,Female,62.70.227.59
317,Hewe,Kincey,hkincey8s@networksolutions.com,Male,193.47.105.176
318,Legra,Bailiss,lbailiss8t@deliciousdays.com,Female,169.161.252.224
319,Andriana,Polotti,apolotti8u@pagesperso-orange.fr,Female,114.86.213.64
320,Jaimie,Bunford,jbunford8v@acquirethisname.com,Female,79.79.231.215
321,Farrand,Mallabar,fmallabar8w@discuz.net,Female,193.36.35.180
322,Robers,Bewsey,rbewsey8x@pen.io,Male,20.136.59.103
323,Stephie,Bendall,sbendall8y@example.com,Female,222.174.14.218
324,Tova,Fillis,tfillis8z@wiley.com,Female,189.36.192.50
325,Reggi,Bartelot,rbartelot90@statcounter.com,Female,28.143.246.176
326,Ab,Juliano,ajuliano91@amazon.de,Male,154.149.125.75
327,Selia,Clawe,sclawe92@usa.gov,Female,243.152.135.187
328,Annnora,Posnette,aposnette93@netvibes.com,Female,74.30.83.169
329,Emmaline,De Vaux,edevaux94@fema.gov,Female,54.31.232.170
330,Nikolai,Schonfelder,nschonfelder95@yelp.com,Male,191.26.179.85
331,Alanah,Doodney,adoodney96@eventbrite.com,Female,199.137.78.188
332,Rianon,Muccino,rmuccino97@unesco.org,Agender,54.141.237.217
333,Orsa,Cornely,ocornely98@quantcast.com,Female,18.160.202.67
334,Kristo,Pasley,kpasley99@phoca.cz,Male,240.156.173.121
335,Pierrette,Southan,psouthan9a@jalbum.net,Female,68.41.170.19
336,Giselle,Poate,gpoate9b@intel.com,Non-binary,192.177.250.82
337,Kale,Gorvin,kgorvin9c@slashdot.org,Male,156.147.35.243
338,Eliza,Towey,etowey9d@irs.gov,Female,224.80.126.84
339,Shellie,Leyland,sleyland9e@quantcast.com,Female,145.247.78.185
340,Bearnard,Wicks,bwicks9f@mail.ru,Male,20.238.51.203
341,Vevay,Torpie,vtorpie9g@stanford.edu,Female,152.230.166.155
342,Irving,Heavens,iheavens9h@nyu.edu,Genderqueer,239.208.244.127
343,Gwenette,Comino,gcomino9i@yellowpages.com,Female,172.2.138.217
344,Benji,Gillogley,bgillogley9j@google.fr,Male,124.165.137.71
345,Idalia,Fittis,ifittis9k@sphinn.com,Female,187.28.175.252
346,Jan,Lowseley,jlowseley9l@cisco.com,Female,211.214.157.40
347,Carrissa,Mohammed,cmohammed9m@networksolutions.com,Female,170.35.30.61
348,Lanie,O'Dreain,lodreain9n@ucla.edu,Agender,230.94.95.108
349,Arch,Northidge,anorthidge9o@github.io,Male,115.179.39.31
350,Sindee,Slipper,sslipper9p@army.mil,Female,191.19.186.181
351,Andre,Pococke,apococke9q@eepurl.com,Male,238.180.44.221
352,Camilla,Peery,cpeery9r@naver.com,Female,112.250.253.72
353,Cacilia,Loxston,cloxston9s@buzzfeed.com,Female,59.79.58.22
354,Waylen,Sowood,wsowood9t@technorati.com,Male,234.164.172.161
355,Crosby,Saggers,csaggers9u@state.gov,Male,42.54.52.0
356,Fredrika,Heffernan,fheffernan9v@twitpic.com,Female,77.5.162.184
357,Ailis,Chartres,achartres9w@springer.com,Female,95.153.55.210
358,Darcee,Deakan,ddeakan9x@soup.io,Genderfluid,44.153.5.179
359,Sibella,Gostage,sgostage9y@opensource.org,Female,58.158.44.73
360,Astra,Pullin,apullin9z@nydailynews.com,Polygender,104.66.175.24
361,Norri,Collihole,ncolliholea0@sitemeter.com,Female,127.38.218.48
362,Lesly,Linacre,llinacrea1@army.mil,Agender,230.94.144.205
363,Walt,Koopman,wkoopmana2@netscape.com,Genderqueer,74.166.221.154
364,Tad,Eves,tevesa3@webnode.com,Male,167.45.7.52
365,Witty,Quinevan,wquinevana4@tamu.edu,Male,215.28.244.92
366,Phelia,Manes,pmanesa5@theatlantic.com,Female,195.183.30.134
367,Ashil,Garmons,agarmonsa6@alexa.com,Female,11.60.34.127
368,Lon,Cavaney,lcavaneya7@tinypic.com,Male,139.198.159.212
369,Taite,Theobold,ttheobolda8@bizjournals.com,Male,40.248.254.156
370,Vince,Mantrip,vmantripa9@amazonaws.com,Agender,226.5.137.208
371,Joshia,Jamblin,jjamblinaa@marriott.com,Male,65.85.87.254
372,Evaleen,Youthed,eyouthedab@google.co.jp,Female,235.102.201.217
373,Jori,Shelp,jshelpac@dion.ne.jp,Female,239.161.134.4
374,Domingo,Ogles,doglesad@fema.gov,Male,83.229.247.203
375,Eula,Lindbergh,elindberghae@photobucket.com,Female,182.147.213.177
376,Brad,Thorneley,bthorneleyaf@about.me,Male,42.189.170.211
377,Piotr,Arrigo,parrigoag@parallels.com,Male,90.133.84.132
378,Elliott,Upfold,eupfoldah@boston.com,Male,173.11.92.216
379,Eachelle,Toffts,etofftsai@cbc.ca,Bigender,3.220.239.93
380,Luce,Reuther,lreutheraj@odnoklassniki.ru,Male,105.34.95.250
381,Jemima,Riby,jribyak@liveinternet.ru,Female,114.101.206.9
382,Trenna,Connold,tconnoldal@altervista.org,Female,220.126.236.49
383,Gavan,Barz,gbarzam@is.gd,Male,54.17.249.114
384,Roseanne,Spikins,rspikinsan@bloglines.com,Female,6.63.34.106
385,Reynard,Packe,rpackeao@whitehouse.gov,Genderfluid,23.47.132.159
386,Sharron,Brierley,sbrierleyap@chronoengine.com,Female,173.107.204.95
387,Riannon,Skelhorn,rskelhornaq@miibeian.gov.cn,Female,145.205.249.102
388,Sandy,Lennarde,slennardear@senate.gov,Male,45.205.231.25
389,Alleen,Argyle,aargyleas@people.com.cn,Female,126.48.223.154
390,Cal,Lyttle,clyttleat@myspace.com,Male,134.12.253.119
391,Con,Moquin,cmoquinau@discovery.com,Male,61.230.85.78
392,Mark,Banke,mbankeav@google.cn,Male,197.162.126.34
393,Gisella,Lownds,glowndsaw@springer.com,Agender,227.74.96.227
394,Wilt,Franca,wfrancaax@dmoz.org,Male,234.71.84.37
395,Dorthy,Pieterick,dpieterickay@pcworld.com,Female,50.63.227.9
396,Roana,July,rjulyaz@nps.gov,Agender,152.114.136.58
397,Krista,Winchcum,kwinchcumb0@linkedin.com,Female,115.226.64.254
398,Broddie,Edel,bedelb1@amazon.co.uk,Male,165.36.12.104
399,Valene,Mallion,vmallionb2@blogtalkradio.com,Female,4.189.45.84
400,Holly,Marthen,hmarthenb3@eepurl.com,Female,25.127.186.150
401,Rachael,Glason,rglasonb4@rediff.com,Female,161.150.41.65
402,Melli,Musgrave,mmusgraveb5@pen.io,Female,6.79.194.217
403,Shalna,Waddup,swaddupb6@soundcloud.com,Female,65.92.145.74
404,Bordy,Huske,bhuskeb7@about.me,Male,220.22.228.156
405,Des,Pashler,dpashlerb8@vimeo.com,Genderqueer,177.18.180.113
406,Antony,Ferrettino,aferrettinob9@posterous.com,Male,27.239.22.144
407,Marjy,Dubbin,mdubbinba@discuz.net,Agender,157.155.118.82
408,Leigh,Beaven,lbeavenbb@nhs.uk,Female,255.168.22.147
409,Olag,Demke,odemkebc@disqus.com,Male,39.253.50.34
410,Guthry,Heberden,gheberdenbd@studiopress.com,Male,204.230.126.112
411,Davidde,Shekle,dsheklebe@noaa.gov,Male,58.159.101.179
412,Carita,Coulsen,ccoulsenbf@prlog.org,Female,145.91.70.190
413,Hastings,Reaman,hreamanbg@washingtonpost.com,Male,182.147.21.205
414,Stewart,Woolston,swoolstonbh@disqus.com,Male,201.70.238.222
415,Pepito,Heinle,pheinlebi@unicef.org,Male,79.172.155.97
416,Keeley,Eltone,keltonebj@t-online.de,Female,240.194.161.126
417,Sonny,Klejna,sklejnabk@dailymotion.com,Female,125.150.113.203
418,Theo,Rallin,trallinbl@yahoo.com,Male,5.106.205.42
419,Bryana,Skinn,bskinnbm@scientificamerican.com,Female,96.224.23.0
420,Corrinne,Tiffany,ctiffanybn@hp.com,Female,35.123.8.199
421,Thatch,Goodram,tgoodrambo@ebay.com,Male,107.247.53.209
422,Bryant,Pass,bpassbp@163.com,Male,87.154.112.222
423,Muffin,Fiske,mfiskebq@yelp.com,Female,137.76.219.253
424,Mariette,Lightwing,mlightwingbr@adobe.com,Genderqueer,185.55.67.109
425,Rickert,Ealles,reallesbs@sogou.com,Genderqueer,125.234.114.5
426,Andie,Hunnisett,ahunnisettbt@delicious.com,Female,117.133.213.226
427,Aymer,Davidoff,adavidoffbu@cyberchimps.com,Male,88.224.132.8
428,Harrie,Nawton,hnawtonbv@patch.com,Polygender,5.217.143.199
429,Rosalynd,Edwicke,redwickebw@reference.com,Female,20.222.41.156
430,Joby,Brazenor,jbrazenorbx@ibm.com,Female,127.21.7.233
431,Zarla,McQuillin,zmcquillinby@berkeley.edu,Genderfluid,72.196.103.238
432,Mayor,Brigge,mbriggebz@fastcompany.com,Male,117.34.24.39
433,Pate,Carrel,pcarrelc0@a8.net,Male,30.194.159.202
434,Bunnie,Puller,bpullerc1@amazon.com,Female,21.118.114.150
435,Peterus,Waddam,pwaddamc2@ucoz.ru,Male,178.235.80.33
436,Curtice,Schlagman,cschlagmanc3@rakuten.co.jp,Male,49.192.6.213
437,Casie,Crewther,ccrewtherc4@bloomberg.com,Female,9.248.231.4
438,Gregorius,Pavey,gpaveyc5@msn.com,Male,249.203.154.193
439,Malory,Rustadge,mrustadgec6@tiny.cc,Female,187.3.12.69
440,Thibaut,Amori,tamoric7@china.com.cn,Male,17.223.27.133
441,Parnell,Nind,pnindc8@sciencedaily.com,Male,75.30.175.207
442,Estele,McClune,emcclunec9@domainmarket.com,Agender,169.47.250.24
443,Odette,McGahey,omcgaheyca@dropbox.com,Female,133.134.206.214
444,Kirk,Jeavon,kjeavoncb@jalbum.net,Male,221.91.214.163
445,Itch,Powers,ipowerscc@businesswire.com,Genderqueer,62.224.154.66
446,Pietrek,Gibbins,pgibbinscd@shinystat.com,Male,42.252.169.210
447,Newton,Domotor,ndomotorce@facebook.com,Male,111.109.125.233
448,Carr,Roostan,croostancf@webnode.com,Male,253.70.92.247
449,Ardeen,Bibby,abibbycg@usatoday.com,Female,120.40.248.164
450,Paco,Eborall,peborallch@jiathis.com,Genderqueer,21.121.167.45
451,Jourdain,Koppe,jkoppeci@bluehost.com,Male,205.141.223.163
452,Madge,Kopman,mkopmancj@auda.org.au,Female,2.120.45.157
453,Nat,Woodham,nwoodhamck@nbcnews.com,Male,81.221.154.115
454,Lil,Duncan,lduncancl@marketwatch.com,Female,224.235.64.150
455,Adamo,Karczinski,akarczinskicm@admin.ch,Male,88.150.251.96
456,Lonny,Castletine,lcastletinecn@mapy.cz,Male,210.164.77.182
457,Kym,Bythway,kbythwayco@ameblo.jp,Female,210.231.78.186
458,Fraser,Ferre,fferrecp@baidu.com,Male,30.14.218.201
459,Taddeusz,Hugnin,thugnincq@macromedia.com,Male,105.194.247.10
460,Quent,Hasty,qhastycr@wordpress.org,Male,244.53.14.42
461,Trudy,Sweynson,tsweynsoncs@dion.ne.jp,Bigender,233.175.60.74
462,Brade,Stigger,bstiggerct@amazon.co.uk,Male,44.102.222.11
463,Shoshana,Rooke,srookecu@patch.com,Female,140.16.11.192
464,Staffard,Tungay,stungaycv@dailymotion.com,Genderfluid,2.244.114.94
465,Merrel,Sleford,mslefordcw@java.com,Genderfluid,214.25.212.164
466,Helen-elizabeth,Kunkler,hkunklercx@unblog.fr,Female,226.219.168.43
467,Gilburt,Merrall,gmerrallcy@jugem.jp,Male,73.107.60.237
468,Hadlee,Pieters,hpieterscz@canalblog.com,Male,254.34.18.249
469,Goddart,Sefton,gseftond0@smugmug.com,Male,52.150.94.140
470,Garreth,Downs,gdownsd1@sourceforge.net,Male,197.240.16.206
471,Tara,Hiner,thinerd2@economist.com,Female,182.16.55.121
472,Harald,Kohrs,hkohrsd3@themeforest.net,Male,120.207.18.29
473,Elnar,Lavigne,elavigned4@hud.gov,Male,150.244.95.196
474,Phebe,Lorent,plorentd5@histats.com,Female,146.225.180.87
475,Beaufort,Hutcheon,bhutcheond6@forbes.com,Male,126.37.48.122
476,Alano,Madders,amaddersd7@forbes.com,Male,94.74.7.208
477,Ragnar,Dormand,rdormandd8@yolasite.com,Male,73.195.72.103
478,Faulkner,Lifton,fliftond9@pinterest.com,Male,141.249.203.56
479,Kleon,Emlin,kemlinda@xrea.com,Male,235.140.144.229
480,Burke,Gert,bgertdb@newsvine.com,Male,202.242.139.11
481,Sayre,Markovich,smarkovichdc@dropbox.com,Genderfluid,210.5.43.8
482,Marylou,Cottisford,mcottisforddd@thetimes.co.uk,Female,194.141.86.54
483,Alexei,Soan,asoande@deliciousdays.com,Male,177.130.92.106
484,Celka,Priest,cpriestdf@thetimes.co.uk,Female,183.175.238.168
485,Shurlock,Pruckner,sprucknerdg@netvibes.com,Male,5.109.131.193
486,Devan,Catenot,dcatenotdh@mac.com,Female,83.40.56.252
487,Harp,Zorzoni,hzorzonidi@nba.com,Male,181.50.65.15
488,Clair,Kuzemka,ckuzemkadj@marketwatch.com,Male,78.67.193.28
489,Jammie,Restall,jrestalldk@state.tx.us,Female,27.111.67.161
490,Maridel,Twinbrow,mtwinbrowdl@sohu.com,Female,1.143.184.27
491,Kin,Harber,kharberdm@wikia.com,Genderfluid,162.83.8.116
492,Raye,Tummons,rtummonsdn@answers.com,Female,185.122.152.250
493,Violet,Tansley,vtansleydo@t.co,Genderqueer,146.15.145.139
494,Hillery,Drydale,hdrydaledp@icio.us,Male,18.8.67.191
495,Bruce,Bampfield,bbampfielddq@usda.gov,Male,25.68.31.159
496,Meggy,Ryott,mryottdr@oracle.com,Bigender,240.46.213.169
497,Caspar,Gillford,cgillfordds@youtu.be,Male,186.231.117.55
498,Wake,Noads,wnoadsdt@pagesperso-orange.fr,Male,189.177.203.82
499,Brok,Lannon,blannondu@nba.com,Male,126.156.3.226
500,Shay,Jerg,sjergdv@pinterest.com,Genderfluid,151.130.176.126
501,Wash,Snugg,wsnuggdw@baidu.com,Male,149.193.217.105
502,Parke,Myring,pmyringdx@squidoo.com,Male,8.140.17.56
503,Montgomery,Habergham,mhaberghamdy@java.com,Male,221.69.152.38
504,Artemus,Cyples,acyplesdz@ebay.co.uk,Male,37.189.77.7
505,Kliment,Scatchar,kscatchare0@livejournal.com,Male,112.19.130.109
506,Elsworth,Giorgio,egiorgioe1@elegantthemes.com,Male,81.99.55.84
507,Rodrigo,Edgell,redgelle2@tumblr.com,Male,114.185.201.49
508,Crista,Eddy,ceddye3@nps.gov,Female,250.107.149.33
509,Clarissa,Dowglass,cdowglasse4@arizona.edu,Bigender,200.71.240.114
510,Tilly,Bloor,tbloore5@intel.com,Female,153.101.102.168
511,Bobine,Prujean,bprujeane6@harvard.edu,Female,220.135.14.229
512,Polly,Brewse,pbrewsee7@delicious.com,Female,77.8.3.120
513,Kristian,Truesdale,ktruesdalee8@google.co.uk,Male,108.220.23.167
514,Eulalie,Nossent,enossente9@live.com,Female,98.8.23.65
515,Maggi,Oswick,moswickea@altervista.org,Female,170.45.165.217
516,Rafa,Gilcrist,rgilcristeb@surveymonkey.com,Female,78.4.50.84
517,Vic,McCurtin,vmccurtinec@microsoft.com,Male,155.210.216.175
518,Jed,Smidmore,jsmidmoreed@admin.ch,Male,83.85.22.153
519,Felicdad,Esposito,fespositoee@census.gov,Female,26.246.4.167
520,Anastasia,Spinello,aspinelloef@timesonline.co.uk,Female,23.208.183.162
521,Curry,Scarlon,cscarloneg@wordpress.org,Male,245.165.87.193
522,Dorree,Rowan,drowaneh@desdev.cn,Female,42.27.82.114
523,Gusty,Leyshon,gleyshonei@home.pl,Female,152.52.73.87
524,Ciro,Lillecrap,clillecrapej@chicagotribune.com,Male,181.98.241.148
525,Lauritz,Chatainier,lchatainierek@lulu.com,Male,160.128.40.56
526,Eolande,Jorden,ejordenel@thetimes.co.uk,Female,182.39.248.161
527,Nicoline,McAlester,nmcalesterem@seattletimes.com,Genderqueer,90.179.26.8
528,Iona,Hulance,ihulanceen@godaddy.com,Female,118.164.94.150
529,Fergus,Wortman,fwortmaneo@youtube.com,Male,38.86.255.207
530,Markos,Birdwistle,mbirdwistleep@loc.gov,Male,246.29.65.196
531,Hallsy,Virgo,hvirgoeq@ow.ly,Male,66.212.151.84
532,Kati,Heyfield,kheyfielder@auda.org.au,Genderqueer,26.252.106.164
533,Bettye,Percival,bpercivales@youku.com,Female,110.249.194.31
534,Renault,Bordman,rbordmanet@umn.edu,Male,203.56.53.198
535,Willy,Fodden,wfoddeneu@nbcnews.com,Male,121.7.208.166
536,Giorgia,Leasor,gleasorev@dagondesign.com,Female,226.65.171.222
537,Ellissa,Ziebart,eziebartew@microsoft.com,Female,191.72.68.17
538,Selinda,Acors,sacorsex@wikipedia.org,Female,167.31.110.23
539,Brendon,Necolds,bnecoldsey@fema.gov,Male,114.14.228.227
540,Morey,Dawley,mdawleyez@howstuffworks.com,Male,26.196.219.184
541,Nahum,Dilland,ndillandf0@who.int,Male,167.12.175.48
542,Brigida,Bryett,bbryettf1@about.me,Female,248.77.14.21
543,Winfield,Arnholtz,warnholtzf2@ask.com,Male,34.188.8.3
544,Ardella,Fippe,afippef3@howstuffworks.com,Female,222.70.34.217
545,Gayleen,Crewes,gcrewesf4@ftc.gov,Female,113.167.92.233
546,Saunder,Aldren,saldrenf5@vkontakte.ru,Male,243.59.37.243
547,Pebrook,Alldred,palldredf6@aboutads.info,Male,54.172.204.63
548,Neile,Binge,nbingef7@last.fm,Female,246.15.47.172
549,Shirlene,Ruslin,sruslinf8@skype.com,Female,16.96.65.44
550,Rubie,Peter,rpeterf9@51.la,Female,189.124.53.110
551,Rudie,Chesterfield,rchesterfieldfa@odnoklassniki.ru,Male,180.122.162.119
552,Jonas,Tuft,jtuftfb@mail.ru,Male,229.83.199.159
553,Elisabetta,Golds,egoldsfc@live.com,Agender,134.209.1.230
554,Horatius,Cleal,hclealfd@about.me,Male,28.37.165.42
555,Evangelia,Cremer,ecremerfe@abc.net.au,Female,128.220.70.103
556,Alie,Aggiss,aaggissff@prweb.com,Female,169.38.236.190
557,Westleigh,Bridell,wbridellfg@trellian.com,Male,66.188.165.66
558,Ignatius,Entissle,ientisslefh@linkedin.com,Male,129.145.161.235
559,Otes,Babcock,obabcockfi@domainmarket.com,Bigender,240.220.40.141
560,Durant,Gorler,dgorlerfj@typepad.com,Male,240.133.57.69
561,Willi,Walding,wwaldingfk@icq.com,Male,31.19.125.145
562,Ninnette,Pietzke,npietzkefl@goodreads.com,Female,135.83.67.150
563,Emmit,Thorp,ethorpfm@google.co.uk,Genderqueer,26.67.44.117
564,Umeko,Corinton,ucorintonfn@irs.gov,Female,6.132.52.25
565,Almeria,Ainsley,aainsleyfo@biblegateway.com,Female,122.29.220.47
566,Danica,Collard,dcollardfp@de.vu,Female,27.103.221.23
567,Hilarius,Wadie,hwadiefq@time.com,Male,120.34.237.4
568,Keely,McMinn,kmcminnfr@deviantart.com,Genderfluid,209.90.72.1
569,Bobby,Hecks,bhecksfs@dell.com,Male,233.1.77.4
570,Bendix,Lesly,bleslyft@livejournal.com,Male,159.139.14.54
571,Rowland,Veneur,rveneurfu@bbb.org,Male,8.233.203.209
572,Clemente,Grimbleby,cgrimblebyfv@com.com,Male,188.155.249.139
573,Toni,Cheers,tcheersfw@mashable.com,Female,131.48.89.223
574,Boy,Beveredge,bbeveredgefx@networkadvertising.org,Male,103.92.60.114
575,Damon,Brimacombe,dbrimacombefy@slideshare.net,Male,217.252.139.51
576,Hollie,McComb,hmccombfz@yale.edu,Genderfluid,217.69.7.191
577,Elie,Attoe,eattoeg0@amazon.de,Female,213.27.179.227
578,Eve,Rickett,erickettg1@hubpages.com,Female,236.232.249.240
579,Stuart,Kalkofer,skalkoferg2@ca.gov,Male,179.140.147.167
580,Lorine,Dannohl,ldannohlg3@wunderground.com,Polygender,16.252.162.51
581,Miriam,Langstrath,mlangstrathg4@netscape.com,Female,195.98.119.29
582,Lenci,MacNeish,lmacneishg5@sphinn.com,Male,207.193.73.120
583,Ryley,Papaminas,rpapaminasg6@bigcartel.com,Male,70.188.225.9
584,Sonnie,Pressey,spresseyg7@multiply.com,Male,57.248.142.171
585,Ricardo,Goodwill,rgoodwillg8@wp.com,Male,51.83.113.150
586,Alejoa,Oman,aomang9@cnbc.com,Male,73.180.134.233
587,Lolita,Bever,lbeverga@amazon.com,Female,69.5.19.37
588,Hana,Calyton,hcalytongb@mayoclinic.com,Female,38.50.8.157
589,Alard,Whiscard,awhiscardgc@mac.com,Male,54.26.93.3
590,Ripley,Sly,rslygd@meetup.com,Male,132.37.9.235
591,Clerissa,Clingan,cclingange@buzzfeed.com,Female,124.205.192.183
592,Luci,Westphalen,lwestphalengf@ezinearticles.com,Female,73.210.154.147
593,Roderick,Ashelford,rashelfordgg@bbc.co.uk,Male,40.148.24.186
594,Pammy,Philpot,pphilpotgh@vkontakte.ru,Female,62.227.182.90
595,Sandor,Thorp,sthorpgi@booking.com,Male,187.80.121.236
596,Quinn,Tothe,qtothegj@bigcartel.com,Female,167.26.13.174
597,Cloris,Mayward,cmaywardgk@amazonaws.com,Female,234.32.153.28
598,Jaquelin,Vaney,jvaneygl@timesonline.co.uk,Female,86.179.96.145
599,Matthus,Douglass,mdouglassgm@alexa.com,Male,64.248.149.223
600,Veronike,Roscow,vroscowgn@gmpg.org,Female,111.129.103.55
601,Virginie,Pau,vpaugo@deliciousdays.com,Female,150.58.171.29
602,Frankie,Carville,fcarvillegp@latimes.com,Male,179.236.189.1
603,Carter,Jirousek,cjirousekgq@mtv.com,Male,42.202.228.150
604,Kare,Memmory,kmemmorygr@home.pl,Female,255.25.166.179
605,Glory,Townsley,gtownsleygs@disqus.com,Female,48.243.3.200
606,Ewen,Bellow,ebellowgt@sogou.com,Male,118.7.76.142
607,Kassandra,Shellibeer,kshellibeergu@nbcnews.com,Female,168.66.173.215
608,Cully,Reuther,creuthergv@google.cn,Male,33.239.222.43
609,Crystal,Renard,crenardgw@xing.com,Female,154.83.193.232
610,Kathleen,Cunney,kcunneygx@goodreads.com,Female,221.127.54.57
611,Guillaume,Longega,glongegagy@berkeley.edu,Genderfluid,165.162.35.186
612,Benny,O'Crevy,bocrevygz@imageshack.us,Male,0.13.58.43
613,Washington,Blant,wblanth0@amazon.de,Male,73.104.180.195
614,Matthiew,Echallier,mechallierh1@hhs.gov,Male,248.38.124.173
615,Helaine,Radloff,hradloffh2@blinklist.com,Female,239.228.218.30
616,Reba,Bretton,rbrettonh3@tamu.edu,Female,117.215.150.109
617,Randie,Brain,rbrainh4@shop-pro.jp,Female,83.250.144.58
618,Lenee,Lisamore,llisamoreh5@slashdot.org,Female,10.81.118.254
619,Pat,Weald,pwealdh6@tinypic.com,Female,3.153.65.6
620,Faun,Clapshaw,fclapshawh7@skype.com,Female,173.238.159.157
621,Teador,Belfit,tbelfith8@mozilla.org,Male,9.105.18.198
622,Leeland,Curcher,lcurcherh9@topsy.com,Male,159.177.218.64
623,Arty,Novik,anovikha@seesaa.net,Male,218.208.8.44
624,Iago,Heathwood,iheathwoodhb@weebly.com,Male,39.214.93.127
625,Laural,Dymond,ldymondhc@shareasale.com,Non-binary,185.89.28.91
626,Hillyer,Saylor,hsaylorhd@cam.ac.uk,Male,23.198.244.191
627,Jefferson,Sonschein,jsonscheinhe@home.pl,Male,105.66.231.59
628,Daniela,Joslow,djoslowhf@hostgator.com,Female,29.246.113.222
629,Julianna,Wybrow,jwybrowhg@mapy.cz,Genderfluid,133.160.62.238
630,Immanuel,Olenchenko,iolenchenkohh@washington.edu,Male,209.37.229.190
631,Halsey,Tott,htotthi@about.me,Male,111.182.4.189
632,Jemmie,Janecek,jjanecekhj@addthis.com,Genderfluid,132.147.231.227
633,Fairlie,Eubank,feubankhk@rambler.ru,Male,244.138.226.66
634,Lexy,Metzke,lmetzkehl@hugedomains.com,Female,223.230.73.26
635,Carr,Bearcroft,cbearcrofthm@artisteer.com,Male,93.30.201.16
636,Prissie,Fenney,pfenneyhn@nasa.gov,Agender,97.2.198.227
637,Merrie,Genders,mgendersho@dagondesign.com,Female,251.34.140.130
638,Lorens,Swoffer,lswofferhp@google.com.hk,Male,201.207.20.37
639,Rita,Hulstrom,rhulstromhq@europa.eu,Female,204.142.26.236
640,Den,Staker,dstakerhr@blog.com,Male,163.23.114.28
641,Catie,Sprigings,csprigingshs@cdbaby.com,Female,71.9.215.237
642,Caresa,Wessel,cwesselht@people.com.cn,Female,162.193.216.237
643,Biron,Drew-Clifton,bdrewcliftonhu@technorati.com,Agender,27.7.212.82
644,Dunn,Tunesi,dtunesihv@blogtalkradio.com,Male,96.134.114.245
645,Cirstoforo,Copner,ccopnerhw@domainmarket.com,Male,249.11.98.108
646,Brandy,Doxsey,bdoxseyhx@desdev.cn,Male,162.245.98.185
647,Ashla,Dooher,adooherhy@diigo.com,Female,137.71.114.203
648,Agatha,Felipe,afelipehz@furl.net,Female,204.95.202.165
649,Rozina,Itzkovici,ritzkovicii0@reverbnation.com,Female,241.216.197.111
650,Gus,Pember,gpemberi1@photobucket.com,Male,176.122.21.141
651,Arnaldo,Elcom,aelcomi2@yolasite.com,Male,223.107.156.196
652,Anderea,Stennet,astenneti3@webnode.com,Female,253.217.30.41
653,Norbert,Sainter,nsainteri4@phpbb.com,Male,18.232.166.66
654,Murielle,Jodkowski,mjodkowskii5@state.gov,Female,16.6.92.126
655,Zelma,Ketteringham,zketteringhami6@constantcontact.com,Female,76.204.230.240
656,Barris,Hedney,bhedneyi7@free.fr,Male,128.56.155.76
657,Alika,Joinson,ajoinsoni8@yellowpages.com,Female,79.245.215.162
658,Margot,Olenchenko,molenchenkoi9@ted.com,Female,70.117.200.204
659,Marlo,Ropking,mropkingia@washingtonpost.com,Male,220.69.46.221
660,Viva,Stickford,vstickfordib@hubpages.com,Female,69.168.67.226
661,Robina,Stannett,rstannettic@pbs.org,Non-binary,120.39.250.23
662,Rozamond,Exrol,rexrolid@youtu.be,Female,210.44.162.26
663,Doy,Culkin,dculkinie@macromedia.com,Male,92.9.174.121
664,Ashly,Fillary,afillaryif@ow.ly,Female,154.8.157.177
665,Harman,D'Elias,hdeliasig@oakley.com,Non-binary,162.110.216.224
666,Elicia,Ellicombe,eellicombeih@wikispaces.com,Female,42.242.119.110
667,Cortie,Buddleigh,cbuddleighii@mac.com,Male,171.51.98.103
668,Amery,Stut,astutij@abc.net.au,Male,24.156.46.28
669,Jeana,Don,jdonik@npr.org,Female,84.3.17.140
670,Flem,Huard,fhuardil@hp.com,Male,181.26.187.126
671,Vasily,Lodemann,vlodemannim@woothemes.com,Male,174.197.24.201
672,Harlene,Maevela,hmaevelain@ask.com,Female,207.158.139.225
673,Julian,Meugens,jmeugensio@privacy.gov.au,Male,181.28.178.91
674,Graham,Eliesco,geliescoip@youku.com,Male,105.187.238.57
675,Jermaine,Petrie,jpetrieiq@toplist.cz,Bigender,46.82.238.178
676,Vicki,Colnett,vcolnettir@odnoklassniki.ru,Female,67.177.19.246
677,Paolo,Croley,pcroleyis@seesaa.net,Male,141.130.22.166
678,Gelya,Size,gsizeit@nyu.edu,Female,69.154.173.30
679,Valentijn,Swiggs,vswiggsiu@acquirethisname.com,Polygender,68.64.119.227
680,Isak,McNaught,imcnaughtiv@mysql.com,Male,218.56.58.202
681,Gordy,Caughan,gcaughaniw@google.com.br,Non-binary,69.59.211.149
682,Dillie,Buttrick,dbuttrickix@privacy.gov.au,Male,141.196.71.196
683,Erhart,Morsley,emorsleyiy@tinyurl.com,Male,184.60.103.38
684,Terrance,Theobalds,ttheobaldsiz@nbcnews.com,Male,94.112.136.234
685,Thadeus,Fripp,tfrippj0@youku.com,Male,21.36.154.196
686,Christi,Gramer,cgramerj1@nyu.edu,Female,251.221.227.142
687,Mandie,Selliman,msellimanj2@japanpost.jp,Female,229.9.47.211
688,Burl,Yvon,byvonj3@webmd.com,Bigender,86.122.75.6
689,Roxi,Cane,rcanej4@twitpic.com,Female,113.91.170.89
690,Augustin,Minguet,aminguetj5@europa.eu,Male,108.0.218.195
691,Rici,Wrench,rwrenchj6@usda.gov,Female,113.110.153.139
692,Con,Fleeman,cfleemanj7@facebook.com,Polygender,84.195.181.96
693,Katharina,Caustic,kcausticj8@epa.gov,Female,152.227.194.227
694,Jocelin,Trewhela,jtrewhelaj9@slate.com,Female,188.21.96.35
695,Ferguson,Dresche,fdrescheja@i2i.jp,Male,217.197.222.96
696,Zondra,Scotchmur,zscotchmurjb@jalbum.net,Female,227.157.151.207
697,Nikoletta,Callway,ncallwayjc@dedecms.com,Female,196.152.111.183
698,Klement,Powers,kpowersjd@clickbank.net,Male,200.154.8.176
699,Cristobal,Henfre,chenfreje@time.com,Male,146.80.148.59
700,Doll,Grayling,dgraylingjf@gnu.org,Female,218.100.190.238
701,Minta,Hardy-Piggin,mhardypigginjg@nps.gov,Female,238.180.23.60
702,Bucky,Kiely,bkielyjh@geocities.com,Male,128.145.97.215
703,Axe,Wilkin,awilkinji@bigcartel.com,Male,175.72.245.211
704,Rockie,Maliffe,rmaliffejj@cnet.com,Male,242.225.101.42
705,Karlyn,Fries,kfriesjk@w3.org,Female,101.22.99.115
706,Orelee,Domb,odombjl@twitter.com,Female,142.117.118.163
707,Cammi,Edgett,cedgettjm@chicagotribune.com,Female,115.197.28.164
708,Merline,Davy,mdavyjn@auda.org.au,Female,138.19.229.216
709,Zilvia,Tant,ztantjo@ocn.ne.jp,Genderqueer,137.190.125.117
710,Lorry,Jacox,ljacoxjp@mapquest.com,Male,115.39.34.75
711,Valdemar,Robens,vrobensjq@soundcloud.com,Male,92.20.25.196
712,Ardith,Guerreau,aguerreaujr@thetimes.co.uk,Genderfluid,29.158.52.98
713,Vivyanne,Saipy,vsaipyjs@qq.com,Female,26.175.16.226
714,Gannie,Redhead,gredheadjt@unblog.fr,Non-binary,111.61.104.180
715,Deny,Yewman,dyewmanju@amazon.co.uk,Female,251.246.201.251
716,Brodie,Dalziel,bdalzieljv@stumbleupon.com,Male,246.217.138.130
717,Deanne,Smoote,dsmootejw@npr.org,Female,134.87.163.159
718,Pegeen,Lamplough,plamploughjx@freewebs.com,Female,100.27.201.5
719,Maible,Atto,mattojy@netvibes.com,Female,48.70.92.175
720,Jaynell,Pietzner,jpietznerjz@usnews.com,Female,1.42.145.243
721,Lowe,Luquet,lluquetk0@imageshack.us,Male,227.109.236.183
722,Aggy,Ledgard,aledgardk1@blogtalkradio.com,Female,132.202.150.29
723,Clementius,Morison,cmorisonk2@weibo.com,Male,182.170.59.74
724,Bette,Bunclark,bbunclarkk3@latimes.com,Female,250.112.213.78
725,Eberhard,Barniss,ebarnissk4@latimes.com,Male,222.119.226.196
726,Manolo,McFayden,mmcfaydenk5@mtv.com,Male,60.252.236.162
727,Shay,Garraway,sgarrawayk6@nifty.com,Male,168.206.168.50
728,Myrwyn,Broadbear,mbroadbeark7@netvibes.com,Male,159.48.197.152
729,Jessie,Gerraty,jgerratyk8@nsw.gov.au,Female,204.1.138.124
730,Darnell,Covotto,dcovottok9@hud.gov,Male,61.29.237.43
731,Arin,Bradford,abradfordka@microsoft.com,Male,19.208.166.143
732,Pepillo,Schirak,pschirakkb@hud.gov,Male,187.239.214.50
733,Skipton,Grundwater,sgrundwaterkc@phoca.cz,Male,50.116.214.32
734,Udall,Skews,uskewskd@mlb.com,Male,170.82.131.127
735,Brade,Francello,bfrancelloke@joomla.org,Male,213.30.44.153
736,Jock,Nacey,jnaceykf@bloglovin.com,Male,212.16.122.32
737,Rufe,Enderle,renderlekg@tumblr.com,Male,128.147.31.116
738,Fan,Barlass,fbarlasskh@etsy.com,Female,204.145.185.62
739,Rodrique,Hasker,rhaskerki@amazon.co.uk,Genderfluid,9.246.82.7
740,Llywellyn,Orrock,lorrockkj@bravesites.com,Male,165.235.26.225
741,Lib,Fantonetti,lfantonettikk@dyndns.org,Female,10.43.127.232
742,Joella,Beloe,jbeloekl@dailymail.co.uk,Female,42.166.192.101
743,Huntley,Yakutin,hyakutinkm@miitbeian.gov.cn,Male,38.19.139.81
744,Emmery,Tremmel,etremmelkn@skype.com,Non-binary,48.197.212.174
745,Nikolai,Ughetti,nughettiko@wsj.com,Male,133.123.46.106
746,Udall,Klossmann,uklossmannkp@paginegialle.it,Male,25.206.182.81
747,Sawyer,Gabbitis,sgabbitiskq@earthlink.net,Male,79.134.5.147
748,Alica,Wannan,awannankr@businessweek.com,Female,151.164.195.187
749,Julita,Veld,jveldks@oakley.com,Female,69.30.112.130
750,Arie,Cato,acatokt@technorati.com,Male,216.36.87.29
751,Jerrome,Kleynen,jkleynenku@bluehost.com,Male,95.181.50.134
752,Anastassia,Leonard,aleonardkv@ehow.com,Female,200.133.187.182
753,Jsandye,Royal,jroyalkw@ucla.edu,Female,51.249.80.144
754,Creighton,Genty,cgentykx@webs.com,Male,6.229.117.5
755,Vail,MacLeod,vmacleodky@unicef.org,Male,216.117.19.8
756,Lorrie,Maty,lmatykz@reddit.com,Male,145.225.242.115
757,Margalo,Cowthart,mcowthartl0@ibm.com,Female,167.195.130.111
758,Ula,Rolingson,urolingsonl1@reverbnation.com,Female,59.170.185.226
759,Pearline,Cicerone,pciceronel2@tripod.com,Non-binary,31.217.144.63
760,Marius,Kewley,mkewleyl3@ifeng.com,Male,36.251.58.42
761,Ewan,Waddilove,ewaddilovel4@google.it,Male,232.70.181.133
762,Dniren,Kernocke,dkernockel5@feedburner.com,Female,245.47.203.149
763,Farris,Stirley,fstirleyl6@umn.edu,Male,143.186.202.212
764,Barbara,Todarini,btodarinil7@usnews.com,Female,151.63.97.11
765,Abramo,Parsell,aparselll8@jalbum.net,Male,105.14.207.152
766,Chip,Blayney,cblayneyl9@imgur.com,Male,66.1.25.34
767,Emanuel,McIver,emciverla@goo.ne.jp,Male,84.44.202.40
768,Colman,Joan,cjoanlb@techcrunch.com,Male,244.13.87.69
769,Bunni,Piatto,bpiattolc@hugedomains.com,Female,140.173.250.110
770,Mario,Peschet,mpeschetld@fastcompany.com,Male,93.5.54.228
771,Dani,Tomaskunas,dtomaskunasle@senate.gov,Male,167.51.104.79
772,Erminia,Miettinen,emiettinenlf@bravesites.com,Female,17.72.203.207
773,Waverley,Chadwin,wchadwinlg@geocities.com,Male,15.202.79.202
774,Luci,Balding,lbaldinglh@ucla.edu,Female,216.109.200.33
775,Sigvard,Pinchon,spinchonli@jiathis.com,Male,205.226.142.69
776,Patric,Gething,pgethinglj@fotki.com,Male,97.249.209.230
777,Eamon,Edscer,eedscerlk@berkeley.edu,Male,68.19.42.140
778,Fanchette,Wyant,fwyantll@vkontakte.ru,Female,36.176.175.149
779,Tedie,Reyes,treyeslm@ft.com,Male,68.51.30.12
780,Frank,Allgood,fallgoodln@hubpages.com,Male,46.208.88.29
781,Parker,Hendrickson,phendricksonlo@phpbb.com,Male,37.79.66.224
782,Ambur,Littefair,alittefairlp@cyberchimps.com,Female,206.125.246.250
783,Brockie,Timberlake,btimberlakelq@mayoclinic.com,Polygender,115.142.96.54
784,Joly,Sweetlove,jsweetlovelr@alexa.com,Bigender,58.187.231.67
785,Nathalia,Greaterex,ngreaterexls@posterous.com,Female,139.182.253.28
786,Lombard,Wheelwright,lwheelwrightlt@jalbum.net,Male,22.96.139.235
787,Norbie,Harrisson,nharrissonlu@ftc.gov,Male,17.99.37.22
788,Masha,Banfield,mbanfieldlv@example.com,Female,143.235.225.80
789,Fedora,Cumberpatch,fcumberpatchlw@fotki.com,Non-binary,74.103.151.18
790,Valentin,Pilkington,vpilkingtonlx@shinystat.com,Male,56.148.33.157
791,Baillie,Ferminger,bfermingerly@sbwire.com,Male,136.166.61.198
792,Kerby,Ilyinykh,kilyinykhlz@un.org,Male,184.193.177.138
793,Marcello,Tennet,mtennetm0@nationalgeographic.com,Male,238.116.29.193
794,Gabriella,Tasseler,gtasselerm1@hao123.com,Female,147.150.105.184
795,Alana,Lanfranchi,alanfranchim2@php.net,Female,108.101.108.175
796,Thaxter,Chittock,tchittockm3@linkedin.com,Male,236.132.95.134
797,Dixie,Bottelstone,dbottelstonem4@meetup.com,Female,127.238.181.76
798,Stu,Maiden,smaidenm5@google.com.au,Male,233.41.75.118
799,Donavon,Camacho,dcamachom6@parallels.com,Male,170.57.68.254
800,Shanta,Reilly,sreillym7@howstuffworks.com,Female,75.66.231.37
801,Caria,Kubiczek,ckubiczekm8@cpanel.net,Female,107.124.78.200
802,Delainey,Kubat,dkubatm9@canalblog.com,Male,171.253.58.144
803,Jameson,Edmott,jedmottma@washington.edu,Non-binary,1.102.41.67
804,Leeanne,Reely,lreelymb@prnewswire.com,Female,20.253.19.53
805,Skippie,Alwin,salwinmc@1688.com,Male,7.105.128.93
806,Tremayne,Kenningley,tkenningleymd@yale.edu,Male,18.22.99.153
807,Pip,Maharey,pmahareyme@yolasite.com,Male,194.197.202.29
808,Kaylee,Rewcastle,krewcastlemf@purevolume.com,Female,17.72.139.6
809,Hi,de Clerq,hdeclerqmg@ezinearticles.com,Male,236.164.37.63
810,Daffie,Tallach,dtallachmh@i2i.jp,Female,190.243.148.172
811,Heidie,Di Carli,hdicarlimi@fastcompany.com,Female,116.16.105.53
812,Krishna,Hailes,khailesmj@odnoklassniki.ru,Male,79.33.17.203
813,Melony,Ridulfo,mridulfomk@berkeley.edu,Female,2.84.110.235
814,Yoshiko,Beverage,ybeverageml@alexa.com,Female,201.183.126.48
815,Eugenius,Searjeant,esearjeantmm@google.com.hk,Non-binary,192.189.244.227
816,Germaine,Mattingley,gmattingleymn@bravesites.com,Female,220.94.67.215
817,Nathanil,Dinnage,ndinnagemo@ucla.edu,Male,222.225.57.213
818,Danyette,O'Donnell,dodonnellmp@sina.com.cn,Female,59.135.108.158
819,Fawn,Andresser,fandressermq@ezinearticles.com,Female,142.91.241.247
820,Belva,Wimbush,bwimbushmr@aboutads.info,Female,74.97.133.110
821,Krispin,Spanswick,kspanswickms@youtu.be,Male,152.211.193.159
822,Noni,Jeffray,njeffraymt@clickbank.net,Female,43.106.157.192
823,Ephrem,Brouncker,ebrounckermu@netscape.com,Male,160.51.198.55
824,Constantino,Harrell,charrellmv@pbs.org,Male,89.208.15.73
825,Currie,Stubbe,cstubbemw@myspace.com,Male,94.79.145.182
826,Granny,Gilpin,ggilpinmx@yellowbook.com,Male,147.224.60.234
827,Aland,Ipsley,aipsleymy@123-reg.co.uk,Male,81.87.38.255
828,Celisse,Christoforou,cchristoforoumz@sun.com,Female,232.16.188.14
829,Cassie,Strugnell,cstrugnelln0@patch.com,Female,129.118.191.81
830,Eugenie,Teffrey,eteffreyn1@businesswire.com,Female,24.109.72.11
831,Franz,Shegog,fshegogn2@nba.com,Male,154.236.154.199
832,Law,Talby,ltalbyn3@acquirethisname.com,Male,22.218.139.126
833,Bing,Blowing,bblowingn4@hibu.com,Male,115.128.104.105
834,Jakob,Brettelle,jbrettellen5@lulu.com,Male,251.20.86.240
835,Seymour,Storton,sstortonn6@weather.com,Male,107.27.139.35
836,Lock,Athridge,lathridgen7@tripadvisor.com,Male,91.239.91.46
837,Carlye,Wilkes,cwilkesn8@pinterest.com,Non-binary,137.137.190.241
838,Sinclare,Jessett,sjessettn9@mozilla.com,Male,63.100.157.135
839,Glen,Loxton,gloxtonna@ucoz.ru,Female,185.7.253.178
840,Jarrad,Troppmann,jtroppmannnb@odnoklassniki.ru,Male,105.193.250.251
841,Gerik,Todaro,gtodaronc@dot.gov,Male,192.136.85.94
842,Elsi,Bloomfield,ebloomfieldnd@shareasale.com,Female,176.131.0.42
843,Adel,Kepling,akeplingne@nhs.uk,Female,238.88.220.240
844,Nadia,Stallard,nstallardnf@huffingtonpost.com,Female,159.210.195.109
845,Robby,Lassell,rlassellng@issuu.com,Female,35.115.79.33
846,Gradey,Bernette,gbernettenh@usa.gov,Male,34.61.2.178
847,Clayson,Oulett,coulettni@sbwire.com,Male,31.14.239.61
848,Norbie,Portigall,nportigallnj@histats.com,Male,141.219.17.156
849,Dukey,Ogdahl,dogdahlnk@meetup.com,Male,116.180.206.69
850,Deck,Bineham,dbinehamnl@usnews.com,Male,248.78.210.88
851,Wain,Volonte,wvolontenm@ezinearticles.com,Male,201.237.157.65
852,Josiah,Soltan,jsoltannn@youku.com,Male,42.119.234.52
853,Vernen,Haskett,vhaskettno@buzzfeed.com,Male,52.244.7.198
854,Julie,Sellers,jsellersnp@macromedia.com,Male,164.86.134.131
855,Dario,Sineath,dsineathnq@mit.edu,Male,75.210.13.189
856,Nady,Greeding,ngreedingnr@narod.ru,Female,132.185.55.170
857,Ephrayim,Eaddy,eeaddyns@ucoz.ru,Polygender,232.165.189.221
858,Lurette,Meynell,lmeynellnt@yahoo.co.jp,Female,82.246.253.225
859,Ibrahim,Wathen,iwathennu@cdbaby.com,Male,166.204.45.157
860,Lizabeth,Norcock,lnorcocknv@sciencedirect.com,Female,249.47.219.106
861,Arny,Bater,abaternw@cdc.gov,Male,186.200.18.129
862,Vittorio,Blunkett,vblunkettnx@guardian.co.uk,Male,199.72.155.239
863,Flin,Garnam,fgarnamny@uiuc.edu,Male,166.197.189.185
864,Regan,Cappell,rcappellnz@skype.com,Male,10.219.63.152
865,Yorgo,Macellar,ymacellaro0@yale.edu,Male,183.88.116.148
866,Lise,Bernaert,lbernaerto1@umich.edu,Polygender,201.119.81.224
867,Osbourne,Mawne,omawneo2@admin.ch,Male,12.27.239.215
868,Quentin,Lewer,qlewero3@google.pl,Female,195.203.158.61
869,Dorrie,Darby,ddarbyo4@dropbox.com,Female,111.234.136.47
870,Bernice,Charnick,bcharnicko5@stanford.edu,Female,140.159.182.25
871,Eloisa,Fireman,efiremano6@i2i.jp,Female,30.50.12.188
872,Emilie,Claricoats,eclaricoatso7@abc.net.au,Female,39.212.251.235
873,Lester,Van Arsdall,lvanarsdallo8@mapquest.com,Male,53.223.215.246
874,Chad,Bagot,cbagoto9@cargocollective.com,Female,92.235.125.209
875,Boonie,Trenbey,btrenbeyoa@naver.com,Male,118.43.193.210
876,Celinda,Raithby,craithbyob@arizona.edu,Female,123.23.210.214
877,Nissie,Deighan,ndeighanoc@xing.com,Female,63.118.202.192
878,Ephrem,Hryniewicz,ehryniewiczod@de.vu,Male,144.133.20.143
879,Jacynth,Keave,jkeaveoe@furl.net,Female,231.94.171.192
880,Bidget,Brooks,bbrooksof@printfriendly.com,Female,223.65.42.197
881,Kala,Lghan,klghanog@hao123.com,Female,89.10.134.228
882,Ignatius,Shiels,ishielsoh@cafepress.com,Male,255.251.73.251
883,Raina,Zorzi,rzorzioi@hud.gov,Female,254.67.180.200
884,Carey,Fairbridge,cfairbridgeoj@huffingtonpost.com,Male,11.223.245.1
885,Tomi,Rivel,trivelok@flickr.com,Female,166.202.14.249
886,Caresse,Wellesley,cwellesleyol@spiegel.de,Female,228.109.232.208
887,Jeremiah,Racine,jracineom@latimes.com,Bigender,45.81.251.14
888,Eden,Jendrich,ejendrichon@soundcloud.com,Female,217.94.63.182
889,Earle,Gilson,egilsonoo@nbcnews.com,Male,166.1.94.11
890,Sanford,Wilden,swildenop@google.nl,Male,36.82.108.223
891,Humfrey,Hebson,hhebsonoq@umich.edu,Male,175.161.176.6
892,Desmund,Leppo,dleppoor@jimdo.com,Male,9.217.14.59
893,Cory,Yitzovitz,cyitzovitzos@github.io,Polygender,186.170.146.187
894,Dana,Gummory,dgummoryot@live.com,Male,192.11.194.170
895,Karita,Crowley,kcrowleyou@apache.org,Non-binary,133.237.5.191
896,Karie,Fennell,kfennellov@discovery.com,Female,101.6.201.25
897,Laurent,Mimmack,lmimmackow@diigo.com,Male,194.22.70.187
898,Ella,Cleary,eclearyox@nsw.gov.au,Female,168.65.143.245
899,Sibelle,Ropp,sroppoy@wix.com,Female,195.139.132.188
900,Bearnard,Daley,bdaleyoz@addtoany.com,Male,165.49.247.179
901,Si,Tollerton,stollertonp0@intel.com,Male,252.107.169.99
902,Joy,Top,jtopp1@sitemeter.com,Female,135.237.103.119
903,Lise,Caswell,lcaswellp2@businesswire.com,Female,115.71.84.168
904,Waldemar,Moxstead,wmoxsteadp3@aol.com,Male,84.91.65.138
905,Theodoric,Cheke,tchekep4@go.com,Male,203.163.84.159
906,Bartholomeus,Dammarell,bdammarellp5@bing.com,Male,214.80.94.28
907,Kristien,Drache,kdrachep6@nature.com,Female,4.224.37.238
908,Clevie,Boon,cboonp7@reverbnation.com,Male,216.94.66.198
909,Carrissa,Forton,cfortonp8@blog.com,Female,217.192.78.53
910,Noreen,Matteoli,nmatteolip9@wired.com,Female,33.223.96.90
911,Allsun,Daft,adaftpa@skyrock.com,Female,255.79.100.76
912,Timotheus,Peete,tpeetepb@devhub.com,Male,14.155.54.38
913,Isaak,Colomb,icolombpc@engadget.com,Male,103.48.105.60
914,Gerry,Ritter,gritterpd@myspace.com,Male,196.8.238.90
915,Dyana,Dutteridge,ddutteridgepe@freewebs.com,Female,126.32.177.12
916,Neely,De Bruijne,ndebruijnepf@wired.com,Female,2.114.209.255
917,Arlee,Ruggier,aruggierpg@printfriendly.com,Female,39.149.103.157
918,Kinsley,Rodenhurst,krodenhurstph@stanford.edu,Male,224.2.134.145
919,Marice,Getley,mgetleypi@springer.com,Female,193.206.77.126
920,Alva,Orth,aorthpj@ycombinator.com,Male,245.135.203.121
921,Helene,Colecrough,hcolecroughpk@discuz.net,Female,1.75.221.183
922,Siana,Blakiston,sblakistonpl@hc360.com,Female,255.138.152.149
923,Archy,Mabbott,amabbottpm@noaa.gov,Male,102.158.253.218
924,Brent,Woolager,bwoolagerpn@weibo.com,Polygender,223.49.129.111
925,Ginnie,Dubery,gduberypo@nyu.edu,Female,163.126.123.151
926,Natassia,Sibery,nsiberypp@eventbrite.com,Female,80.64.174.43
927,Sybila,Allen,sallenpq@blogs.com,Female,253.159.133.216
928,Nickey,Skettles,nskettlespr@netlog.com,Male,4.50.216.192
929,Flor,Roscam,froscamps@nsw.gov.au,Female,97.227.237.139
930,Christie,Treasure,ctreasurept@weebly.com,Female,21.160.79.83
931,Yolanthe,Filon,yfilonpu@accuweather.com,Female,25.96.185.4
932,Raimondo,Birkwood,rbirkwoodpv@odnoklassniki.ru,Bigender,7.24.1.16
933,Fedora,Board,fboardpw@mail.ru,Female,51.45.73.189
934,Margot,Mallabone,mmallabonepx@mozilla.com,Bigender,198.115.84.184
935,Linette,St. Paul,lstpaulpy@tripadvisor.com,Female,145.18.225.104
936,Alanson,Hussey,ahusseypz@statcounter.com,Male,224.153.123.11
937,Syd,Jeffreys,sjeffreysq0@buzzfeed.com,Male,44.141.125.41
938,Wilie,Hryniewicki,whryniewickiq1@utexas.edu,Female,66.102.160.58
939,Alma,Bassam,abassamq2@google.it,Female,209.156.156.48
940,Ulises,Hampshire,uhampshireq3@163.com,Male,129.65.202.146
941,Moritz,Szachniewicz,mszachniewiczq4@freewebs.com,Male,91.118.152.72
942,Babs,Arnfield,barnfieldq5@woothemes.com,Female,229.156.104.84
943,Michele,Hanvey,mhanveyq6@list-manage.com,Male,107.142.177.159
944,Odetta,Craghead,ocragheadq7@va.gov,Female,1.234.102.195
945,Vasily,Autry,vautryq8@biblegateway.com,Male,250.244.2.19
946,Eliot,Fancourt,efancourtq9@google.fr,Male,112.144.222.219
947,Abbot,Morgan,amorganqa@qq.com,Male,151.220.228.125
948,Layton,Domnin,ldomninqb@soup.io,Male,121.175.135.132
949,Kristi,Plampin,kplampinqc@ezinearticles.com,Female,21.19.35.20
950,Coraline,Timmermann,ctimmermannqd@yahoo.com,Female,207.230.33.31
951,Crista,Stockow,cstockowqe@skyrock.com,Female,186.251.134.9
952,Rock,Davidoff,rdavidoffqf@prlog.org,Male,65.168.116.249
953,Simone,Grishankov,sgrishankovqg@archive.org,Male,220.194.192.220
954,Townsend,Hofer,thoferqh@over-blog.com,Male,81.6.83.155
955,Chaunce,Condell,ccondellqi@xing.com,Male,133.164.5.190
956,Alis,Yablsley,ayablsleyqj@psu.edu,Female,85.199.250.131
957,Jobi,Kneale,jknealeqk@hostgator.com,Female,162.134.109.211
958,Benedick,Mirfield,bmirfieldql@sitemeter.com,Male,247.160.167.153
959,Ernestine,Boc,ebocqm@imgur.com,Female,27.6.240.104
960,Quentin,Gait,qgaitqn@telegraph.co.uk,Male,30.32.158.75
961,Tadeas,Janusz,tjanuszqo@storify.com,Male,156.98.137.138
962,Eugene,Collumbine,ecollumbineqp@oaic.gov.au,Male,219.219.83.116
963,Ferdinand,Petrichat,fpetrichatqq@newsvine.com,Male,75.189.48.245
964,Jackelyn,Wightman,jwightmanqr@jalbum.net,Female,105.92.37.136
965,Hieronymus,Emptage,hemptageqs@google.com.br,Agender,14.94.66.82
966,Edee,Milward,emilwardqt@aol.com,Female,217.51.111.153
967,Daryl,Ratazzi,dratazziqu@newyorker.com,Male,8.165.193.214
968,Gibby,Patnelli,gpatnelliqv@technorati.com,Male,124.182.146.30
969,Alistair,Gorioli,agorioliqw@istockphoto.com,Male,210.225.245.215
970,Sacha,Pesselt,spesseltqx@sun.com,Genderfluid,80.213.184.2
971,Sigismondo,Altham,salthamqy@unicef.org,Male,14.162.115.89
972,Mimi,Perse,mperseqz@guardian.co.uk,Female,140.211.77.185
973,Edie,Goodby,egoodbyr0@loc.gov,Female,198.252.227.102
974,Steward,Pessler,spesslerr1@yellowpages.com,Male,73.249.63.14
975,Grady,Gotcher,ggotcherr2@sciencedirect.com,Male,178.194.92.195
976,Irene,Kelso,ikelsor3@opera.com,Female,4.74.21.203
977,Coop,Lorking,clorkingr4@jiathis.com,Male,223.204.247.235
978,Ingar,Guyton,iguytonr5@twitpic.com,Male,111.86.183.80
979,Aluin,Polglaze,apolglazer6@yahoo.com,Male,57.84.231.102
980,Kerstin,Minchella,kminchellar7@bizjournals.com,Female,223.15.106.242
981,Anette,Brozsset,abrozssetr8@woothemes.com,Female,85.96.113.73
982,August,Romanelli,aromanellir9@123-reg.co.uk,Agender,79.141.81.174
983,Sharai,Stopher,sstopherra@msn.com,Female,164.141.169.52
984,Marijn,Moles,mmolesrb@phpbb.com,Male,211.137.229.103
985,Rodrigo,de Keyser,rdekeyserrc@behance.net,Male,37.129.147.78
986,Hillary,McDuffy,hmcduffyrd@shop-pro.jp,Female,248.26.254.200
987,Retha,McCorry,rmccorryre@psu.edu,Female,99.43.98.82
988,Katharyn,McGorley,kmcgorleyrf@zdnet.com,Female,103.44.183.98
989,Bellina,Droghan,bdroghanrg@flickr.com,Female,175.151.157.58
990,Nathalia,Bromehed,nbromehedrh@ezinearticles.com,Female,172.141.236.139
991,Loutitia,Yates,lyatesri@geocities.jp,Genderqueer,233.28.198.226
992,Kaile,Penreth,kpenrethrj@skyrock.com,Female,110.113.250.191
993,Garrot,Fitzsimmons,gfitzsimmonsrk@weebly.com,Male,255.174.184.246
994,Arie,Brayford,abrayfordrl@cafepress.com,Male,132.154.230.230
995,Ad,Peeke-Vout,apeekevoutrm@trellian.com,Male,224.140.69.133
996,Benoit,Di Napoli,bdinapolirn@reddit.com,Male,107.28.178.70
997,Even,Masey,emaseyro@unc.edu,Male,164.186.103.242
998,Lurette,Iohananof,liohananofrp@narod.ru,Female,16.200.38.109
999,Camala,Mapis,cmapisrq@google.ru,Female,184.51.188.22
1000,Kaela,Fitchell,kfitchellrr@cbslocal.com,Female,14.227.221.164
